L-lactate,citrate,deoxyuridine,X3.Methyl.2.oxovaleric.acid,X3.Methylcytidine,trans-4-hydroxy-L-proline,X2.Deoxyuridine,adenine,adenosine,alanine,alpha.Aminoadipic.acid,AKG,arginine,asparagine,aspartate,cis-aconitate,citrulline,L-cystathionine,cytidine,Dihydroxyacetone.phosphate,Erythrol,F6P.G1P,fumarate,Gluconate,glutamate,glutamine,glycine,guanosine,Hexose,histidine,homoserine,Hydroxyglutaric.acid,inosine,isocitrate,Isoleucine.Leucine,Ketoisovalerate,malate,Mannitol,methionine,Methionine.sulfone,Mevalonic.acid,N.Acetyl.L.aspartic.acid,N.Acetyl.serine,N4.Acetylcytidine,nicotinamide,ornithine,Pentose.phosphate,phenylalanine,creatine,Pseudouridine,pyruvate,Ribose,sarcosine,serine,succinate,threonine,thymidine,thymine,TMP,trehalose,tryptophan,tyrosine,uracil,uridine,xanthine,glucose,time,group
True,False,None,X,X,X,X,None,None,True,X,None,True,True,True,TCA,False,X,None,X,X,X,TCA,X,True,True,False,None,X,True,False,X,None,TCA,X,X,TCA,X,True,X,X,X,X,X,True,None,X,True,False,X,None,X,True,True,True,True,None,None,X,True,True,True,None,None,TCA,True,,
1920800,28934,412.71,918.57,202.94,69620,3801.5,144.96,92064,375690,1717.9,814.9,400670,217120,199820,196.8,8646.6,338.14,746.21,1735.2,98726,159.36,3797.8,3208,337310,3669300,107500,199.56,4310900,148920,6695.4,1814.7,1165.9,2670.2,426930,533.91,9613.3,66662,115360,972.65,95776,1312.1,354.37,43204,3661,30925,9891.4,171960,268.2,1332.9,3804.8,16355000,375690,405610,85496,231650,187.14,516.4,124.46,2085.5,31094,149280,7538.4,9818.6,37691,10627000,0,WT
1621800,24900,415.38,797.48,202.94,67142,2688.9,80112,88805,343390,2656.4,723.71,364600,196190,183230,161.19,8463.4,287.24,685.41,1053.8,56738,235.97,3265.8,2632.6,309200,3333100,100620,241.17,4006500,122990,3962.3,1538,1117,979.31,352640,272.02,8826.6,64329,104330,799.57,176.75,1238.6,346.68,57461,4518.2,29120,8253.1,164610,185.26,1252.2,4503.8,21544000,343390,376000,76245,209050,319.82,582.83,118.56,1650.5,29316,126870,6633.9,9514.5,32753,9877800,0,WT
1362900,27323,381.14,925.59,218.26,67287,3134.9,102.79,88805,377710,1585.6,801.48,397570,218280,198480,171.53,8474.4,490.9,694.11,1629.4,66763,194.93,3632.4,3017.2,331460,3628300,106880,210.86,4509600,137200,7296.3,1856,1094.1,2687.3,411330,685.84,9582.5,65558,118280,901.67,332.5,1355.5,331,31731,4883.8,32878,9256.7,168420,252.22,1368.6,4005.2,13375000,377710,379110,84676,225760,188.31,625.18,109.11,1943.3,29616,136700,7248.9,9546.9,36059,10853000,0,WT
2098600,28093,389.03,854.54,202.94,64451,3021.5,117.05,88805,340790,1961,763.73,376950,206300,189520,162.21,8344.4,397.44,724.03,1520.5,89873,200.49,3444.6,3168.6,319280,3446900,98680,210.54,4234300,132010,4638.9,1636.7,1117,826.41,387670,513.38,9098.1,64527,110830,892.8,175.83,1374.1,397.53,31.44,3140.8,28926,8660.8,158410,173.44,1204.7,3186.6,15497000,340790,392260,79553,220110,161.73,543.68,143.92,1828.5,28736,131660,7232.3,9876.6,33529,10232000,0,WT
2001000,27008,368.19,2518.3,202.94,75513,15536,2.0235,88805,375930,2560.8,1986.8,387780,214900,201880,178.29,8673.6,397.13,565.32,1506.4,70326,147.34,3676.8,2727.3,342730,3405000,163030,38585,4526900,133360,8354.7,1807,911.9,306.99,411670,912.33,9635.3,67934,111490,736.92,202.42,1463.4,300.15,30009,3089.1,41812,11011,167200,173.88,1282,37120,21070000,375930,395330,84211,233430,26831,641.82,59.77,2004.7,31536,143390,6888.5,9141.2,42783,10573000,24,WT
1515800,26019,271.45,2020.9,202.94,65678,13160,7.2699,88805,355350,2672.1,1863,370280,202700,187820,166.64,8011.5,507.73,569.67,1540.1,88049,123.64,3475.5,2924.4,317260,3217100,112770,42967,4126300,129310,5475.4,1643.3,821.79,1363.5,373920,441.36,9042.1,59846,105540,871.01,105.46,1449.4,292.78,28251,5954.2,37876,11230,166590,205.09,1236.2,34929,15234000,355350,345910,80676,224420,116.49,615.27,60172,1804,30505,134320,6820.9,7781.1,47695,9675200,24,WT
2203000,26799,283.4,2483.6,202.94,78889,16003,-8.1572,88805,403960,2519.1,2051.8,399590,221850,206120,228.99,8887.8,513.38,600.64,1453.3,66282,193.08,3807,2859,352610,3495200,154100,38585,4443000,142270,8083.9,1890,972.38,407.85,399090,659.6,9875.6,71579,109120,704.01,370.5,1519.5,362.44,24302,5754.4,44810,12023,168940,261.54,1343.6,36146,14649000,403960,426430,85191,238220,96929,631.51,63448,1899.8,32237,148480,7122.8,9089.7,47092,10673000,24,WT
2140400,28822,366.63,2380,202.94,76321,13441,16601,88805,388200,1274.6,1914.3,382500,213110,199530,183.17,8617.8,653.43,629.64,1949.1,83252,118.38,3632.7,2427.9,335630,3331700,150750,38585,4491300,135040,12593,1824.8,957.95,534.23,384630,887.3,9466.1,69434,108540,592.25,105.95,1776.1,324.26,23041,3878.5,40156,11101,176780,235.74,1272.8,37579,19438000,388200,395100,83663,237870,18309,594.04,57414,1781,30509,142780,6603,9237.9,44096,10337000,24,WT
3362500,26846,327.86,6833,202.94,79288,40269,-61445,88805,387760,1327.5,3505.7,362200,203440,195670,190.24,8228.2,329.75,198.21,1937.9,74240,160.61,3642.8,2761.7,348570,3049200,165600,38585,4169800,127360,5846.4,1686.7,585.11,366.88,365980,820.78,9610.3,69709,108860,786.03,332.48,2011,331.55,39383,2654.5,54483,11053,162730,364.93,1199.6,86270,12356000,387760,353410,80209,222130,14254,839.05,62801,1776.3,28816,135620,6745.6,5590.5,47913,9948200,48,WT
3126400,26844,281.39,7187,225.15,75249,45501,-98159,88805,408910,2531.8,3656.8,374920,206440,203890,195.24,8417.9,332.96,228.07,1686.6,91775,203.18,3807.4,3378,356980,3102800,159080,38585,4220200,134880,6988.6,1705,577.53,2616.4,383140,1444.3,10015,68011,104880,929.61,226.32,1982.1,365.68,31.48,3138,57777,10987,167570,373.9,1443.4,92325,19256000,408910,365910,84507,229490,31051,943.97,62291,1710.3,32064,140650,6944.6,5557.2,51997,10513000,48,WT
2759900,29995,448.12,6662.1,202.94,97588,38186,-65531,88805,387640,2141.9,3545,362930,201160,197540,198.06,8042.8,568.15,217.31,2652.2,74044,77343,3492.6,3010.2,344660,3053600,208270,38585,4360100,134370,9178.5,1854.9,724.43,516.49,375600,1157.3,9475.4,81481,96794,438.12,68858,2535.9,363.3,24486,3565.5,53171,10406,156820,401.15,1287,91458,13163000,387640,344710,82359,228850,171.65,703.8,59767,1825.6,26140,132790,6284.3,6271.3,41394,9705500,48,WT
2943600,31935,300.09,6688.6,202.94,79303,46106,-35345,88805,401510,2119.9,3610.3,378140,214570,203630,203.67,8175.5,661.12,158.24,1697.6,119760,187.6,3688.7,3540.7,360710,3156500,171620,38585,4399900,140940,4525.7,1832.1,612.35,197.99,405020,1351.1,9966.2,69030,110220,866.66,212.65,2047.5,342.84,32309,2215,57362,11597,171030,185.59,1380.5,91784,15034000,401510,377600,83339,232090,-0.11318,894.85,70514,1752.8,28973,134790,7147.9,6167.1,53873,10305000,48,WT
3859700,28474,177.5,16012,202.94,89360,171160,-44465,88805,439210,2506.9,5229.2,361150,209420,205410,262.53,9053.6,319.83,-27905,2495.1,65146,154.81,3968.1,3579.6,393470,2931300,203620,38585,4225700,128100,10735,1913.3,35736,1269.1,399840,2377.9,11116,71331,100950,760.17,185.03,4059.7,494.16,20092,4356.5,68074,10899,161900,697.18,1568,151650,13420000,439210,299990,88838,217080,124.91,1078.8,63129,1869.2,26724,135990,6976.9,74336,52943,9952500,72,WT
5471700,30559,240.49,15165,202.94,86569,130540,-53802,88805,410510,1603.5,5012.8,344410,199840,191550,234.82,8056.9,422.78,-49658,2096,93635,163.4,3728.6,3012,376770,2781300,185750,38585,4104900,122520,6204.5,1788.7,35386,442.47,347950,2768.7,10639,69679,116820,737.15,362.25,3774.3,403.61,23163,1533.5,61055,10458,158130,451.89,1437.3,144700,11348000,410510,287700,85571,208140,102.93,1205.3,57414,1705.7,26816,120490,6843.4,43812,51307,9561300,72,WT
5186300,33314,245.06,16285,202.94,91623,76323,-41498,88805,405400,1199.7,5084.7,351630,205520,197510,216.98,8656.5,530.68,-46793,2559.1,85973,133.08,4160.8,2802.1,382570,2851400,216470,38585,4162900,126230,9575.5,1991.4,43915,266.87,361650,2812,10714,73881,97911,513.57,159.73,4823.1,623.99,15044,4675.7,64590,11377,157910,536.12,1448.3,145130,12583000,405400,308270,87822,221050,-26011,851.41,62365,1621.7,25918,127700,7203.1,76256,54062,9508700,72,WT
5649900,28146,256.66,15424,202.94,91350,95393,-57745,88805,432590,2151.5,5274.8,359540,206160,200800,239.48,8788,480.73,-30.25,1834.5,82047,164.05,4033.8,2957.2,392720,2922500,210740,38585,4214700,132230,4874.1,1867.5,40936,708.33,369740,1942.3,11018,74541,102520,649.94,268.58,3823.7,455.87,14143,3686.1,62525,10562,166400,663.57,1489.9,158600,18231000,432590,309160,87951,222020,16475,1166.2,61136,1764,27233,128370,7027,83579,51165,9714100,72,WT
1846200,24069,349.29,2770.4,202.94,69697,13825,-17808,88805,365800,1899.9,1163.2,369330,198680,190520,173.37,8050.2,256.51,574.32,1814.6,87909,156.81,3289.5,2806.1,322610,3193400,124080,40.84,4107100,127420,4628.5,1610.1,870.02,1625.4,381880,840.89,9072.2,63851,101940,826.83,350.83,1099.4,303.55,27.62,5106.1,41703,10421,157120,303.61,1229.4,18247,12967000,365800,371950,76988,221980,75702,415.37,57414,1764.4,28763,139000,6365.8,8391.9,42613,9973900,24,RuR+DMSO
1751300,28448,418.32,2810.4,202.94,81407,11352,-0.56422,88805,362670,2436.6,1179.2,373320,205060,193130,182.41,8213.2,585.39,617.22,2225.1,81212,120.98,3264.5,2226.7,326520,3275600,158270,38585,4279900,129760,7426.8,1676.4,991.2,884.79,394030,867.72,9026.1,71826,98949,443.47,370.35,2081.5,309.71,21886,3942.4,40208,10767,158850,223.54,1316.6,16137,18493000,362670,362310,79980,234420,62023,469.81,57414,1579.2,28504,136160,6225.1,8879.1,41235,9815800,24,RuR+DMSO
1552500,27935,344.24,2833.9,202.94,67929,13727,-46104,88805,367260,2343.8,1182.6,372250,203230,191510,178.41,8564.9,428.88,611.24,1963.8,82101,131.5,3401.5,2530.3,325010,3210500,125860,41516,4057600,128610,6816.3,1617.9,823.06,389.85,392210,798.3,9157.9,63655,103440,831.83,309.18,1551.2,313.43,37518,3703.7,41146,10688,158160,273.69,1187.2,18418,16375000,367260,379770,78187,223050,293.75,529.33,59538,1685.5,27971,132840,6772,8675.4,45008,9999000,24,RuR+DMSO
1820400,28391,432.11,2921.4,202.94,82860,13299,-64747,88805,384700,2205,1192.2,381800,210030,199690,187.02,8521,784.32,679.03,2042.1,128610,95.16,3565.6,2829.8,333570,3344300,142030,42541,4328000,132950,8529.8,1618.8,967.5,336.95,389120,816.6,9395.2,72476,110150,640.09,265.39,1652.8,289.06,24482,3354.4,41343,11655,164160,263.17,1288.4,14424,15885000,384700,386020,81540,237650,181.55,597.46,64157,1977.3,29018,139150,6464,8992.4,43345,10223000,24,RuR+DMSO
3096500,29509,241.47,7566,287.12,70522,42824,-20628,88805,383500,1896.9,2467.7,361270,197650,192610,202.94,8285.1,747.31,247.28,1652,96298,147.46,3664.8,2654.9,348740,3046700,148800,38585,4067400,130400,7816.7,1730,510.32,454.84,398260,1432.7,9436.9,63731,105010,829.78,320.64,2072.8,374.72,29314,5571.9,54275,10492,160400,249.73,1357.7,44683,13101000,383500,359060,80724,221620,241.17,648.55,59441,1593.3,29765,134730,6276.2,4573.2,49693,10227000,48,RuR+DMSO
2389300,28213,341.55,7776.5,202.94,78916,53183,-49384,91618,407780,1739,2603.5,377360,213710,202120,210.26,8095,426.94,284.6,1954.5,93955,113.37,3635,3400,361240,3179000,154770,38585,4425600,134450,4895.3,1599.2,573.17,373.1,386360,1468.3,9824.6,69009,129190,657.17,146.18,2247.5,339.58,33555,2975.3,51131,10871,168000,296.91,1434.3,49447,14734000,407780,373990,83103,233910,390.07,628.86,66654,1892.4,32535,146310,6861.5,5005.4,48823,10408000,48,RuR+DMSO
2391200,29765,412.69,7426.1,202.94,97451,38435,-82.18,88805,387460,1636.7,2560.9,354110,197660,192130,201.23,8228.6,525.46,260.2,1987.1,100800,48.63,3563.4,2060.1,341470,2979400,192200,38585,4335500,130080,10460,1900.7,599.82,682.75,379900,1596.2,9030.2,78088,97223,534.66,165.88,2392.3,383.08,32636,3134.1,51186,10567,154070,212.06,1377.9,48843,14641000,387460,350140,80020,222660,186.76,449.21,57414,1860.1,26755,124830,5750,4663.7,39718,9725600,48,RuR+DMSO
3512700,29391,273.03,7112,252.61,74661,41106,-39475,88805,386650,2450.4,2517.8,365170,205700,195230,205.36,8462.6,646.15,233.94,1794.3,65114,125.7,3578.3,3216.8,352980,3091700,142220,38585,4085600,144710,7993.4,1716.9,458.76,459.26,393270,1721.2,9557,66706,110620,881.55,225.01,2046.3,418.84,28088,6643.6,51908,11004,166480,281.84,1351.4,48292,15451000,386650,365760,81548,231900,36588,796.9,59661,1770.8,31366,129990,7260.6,4733.6,52366,10092000,48,RuR+DMSO
4638500,29054,263.26,15111,229.08,89269,180370,-84654,88805,435970,2679.9,3980.2,358970,209980,197960,258.03,9587.6,395.88,26248,2026.6,120370,143.93,3982.2,2902.5,388490,2963500,191500,38585,4389800,128490,10165,2000.5,32924,384.39,388040,2999.6,10415,72900,102220,707.04,414.59,3225.4,522.35,30956,4733.8,66347,11379,162180,538.79,1459.3,82496,15444000,435970,336500,85983,219720,349.7,892.01,62284,1973.6,25298,135580,7685.5,147.59,57998,10445000,72,RuR+DMSO
2886400,34133,225.87,14034,202.94,83345,159830,-71674,93699,439950,2354.5,3868.6,350380,201720,193280,287.4,8779.1,348.29,-19.89,2144.6,98144,126.3,3807.2,3143.8,375290,2884700,188920,38585,4075400,125520,9690.4,1639.6,47392,663.73,383790,2201,10310,69082,104450,928.12,137.73,3140.8,482.44,14143,2458.9,62587,9628.7,160500,492.07,1442.9,79508,13424000,439950,313900,83881,211010,230.7,990.81,60096,1818.8,27504,133910,7150,146.98,54250,9956400,72,RuR+DMSO
3426400,36003,264.47,16691,202.94,95059,133270,-31081,88805,439750,2164,4275.5,356630,205430,193860,264.8,9056.3,538.49,-17662,2217.4,136060,143.77,3980.4,2840.9,385450,2966400,206780,38585,4297000,129720,11034,2131.9,34167,491.14,385990,3490.7,10544,76848,99745,686.34,140.63,4955.4,650.48,16.05,2426.5,65155,10523,165980,508.06,1600.2,84095,12713000,439750,326640,87115,225120,47862,1015.6,62085,1787.3,27634,136540,6734.5,96818,50273,10286000,72,RuR+DMSO
2794100,32256,235.94,15761,202.94,80814,80093,-43328,88805,431150,2515.2,4031.4,349780,206380,190530,248,8534.5,365.26,-30944,1862.5,96222,171.3,3870.5,2797.6,382070,2889100,170620,38585,4181600,128210,6244.1,1903.2,24031,285.99,374790,2906.2,10298,66861,100400,804.65,146.51,2861.8,477.11,14143,5764.7,62657,10606,165470,447.35,1470.2,77959,18394000,431150,314030,84451,211580,87078,832.25,59779,1986.7,27116,128900,6952.5,85287,52246,10026000,72,RuR+DMSO
1920800,28934,412.71,918.57,202.94,69620,3801.5,144.96,92064,375690,1717.9,814.9,400670,217120,199820,196.8,8646.6,338.14,746.21,1735.2,98726,159.36,3797.8,3208,337310,3669300,107500,199.56,4310900,148920,6695.4,1814.7,1165.9,2670.2,426930,533.91,9613.3,66662,115360,972.65,95776,1312.1,354.37,43204,3661,30925,9891.4,171960,268.2,1332.9,3804.8,16355000,375690,405610,85496,231650,187.14,516.4,124.46,2085.5,31094,149280,7538.4,9818.6,37691,10627000,0,RuR+DMSO
1621800,24900,415.38,797.48,202.94,67142,2688.9,80112,88805,343390,2656.4,723.71,364600,196190,183230,161.19,8463.4,287.24,685.41,1053.8,56738,235.97,3265.8,2632.6,309200,3333100,100620,241.17,4006500,122990,3962.3,1538,1117,979.31,352640,272.02,8826.6,64329,104330,799.57,176.75,1238.6,346.68,57461,4518.2,29120,8253.1,164610,185.26,1252.2,4503.8,21544000,343390,376000,76245,209050,319.82,582.83,118.56,1650.5,29316,126870,6633.9,9514.5,32753,9877800,0,RuR+DMSO
1362900,27323,381.14,925.59,218.26,67287,3134.9,102.79,88805,377710,1585.6,801.48,397570,218280,198480,171.53,8474.4,490.9,694.11,1629.4,66763,194.93,3632.4,3017.2,331460,3628300,106880,210.86,4509600,137200,7296.3,1856,1094.1,2687.3,411330,685.84,9582.5,65558,118280,901.67,332.5,1355.5,331,31731,4883.8,32878,9256.7,168420,252.22,1368.6,4005.2,13375000,377710,379110,84676,225760,188.31,625.18,109.11,1943.3,29616,136700,7248.9,9546.9,36059,10853000,0,RuR+DMSO
2098600,28093,389.03,854.54,202.94,64451,3021.5,117.05,88805,340790,1961,763.73,376950,206300,189520,162.21,8344.4,397.44,724.03,1520.5,89873,200.49,3444.6,3168.6,319280,3446900,98680,210.54,4234300,132010,4638.9,1636.7,1117,826.41,387670,513.38,9098.1,64527,110830,892.8,175.83,1374.1,397.53,31.44,3140.8,28926,8660.8,158410,173.44,1204.7,3186.6,15497000,340790,392260,79553,220110,161.73,543.68,143.92,1828.5,28736,131660,7232.3,9876.6,33529,10232000,0,RuR+DMSO
1413800,23112,418.46,3217.2,202.94,73856,11377,-43.77,88805,371960,2628.1,1324.3,369580,208750,192080,181.71,8331.1,364.91,586.2,1839.7,89064,101,3390.6,3011.2,326700,3192900,129790,41177,4128100,128710,4330.1,1488.9,916.55,488.2,381340,519.84,9096.8,68768,113070,812.2,153.46,1553.9,356.12,38558,4656.4,40100,10161,161350,253.91,1282,19433,20229000,371960,360250,78659,222930,59574,795.05,59173,1995,29230,134260,6595.8,9171.9,46640,9866200,24,RuR
1913200,28052,406.84,3217.9,202.94,72160,14031,-3.4763,88805,367870,1835.9,1366.5,383390,214350,199460,190.03,8425.3,747.54,560.83,1591.5,93214,202.37,3702.7,2896.8,334780,3358800,144650,40.53,4209000,137070,11489,1797.5,887.6,348.92,400840,875.41,9432.6,67317,107430,695.51,172.31,1705,300.93,38417,3117.5,40052,10789,165940,238.64,1379,19951,16964000,367870,393580,81311,227400,71022,638.4,64394,1953.7,30563,137680,6817.8,8940.4,45079,10211000,24,RuR
1903500,25974,349.36,3278.6,237.44,67796,12797,-22272,88805,374850,1793.8,1334.4,366750,205410,189250,182.38,7766.8,362.29,615.34,1294.4,82244,140.79,3517.1,2762.2,324450,3233100,126090,38585,4048600,128880,3542,1597.6,834.02,1372,371710,891.43,9175.7,63261,111040,921.26,228.29,1412.3,325.12,27.51,2575.8,40492,10249,154040,201.5,1303,17319,11558000,374850,368270,77301,220040,215.7,554.82,57414,1078.2,28008,129540,6675.7,8355.9,45853,9743700,24,RuR
1813100,25603,435.99,3245.7,202.94,81164,13999,-23964,88805,388960,2030.3,1352,384840,208880,198050,184.34,8949.6,518.36,598.78,1938.5,83227,84875,3496,2353.4,331610,3351500,163290,38585,4402700,134580,9220.2,1815.5,967.52,1825.5,383610,1092.6,9442.4,74596,106490,658.45,299.87,1614.1,325.35,31.23,2708.3,40647,10850,164840,323.55,1346.5,17828,16241000,388960,396400,82469,227610,150.94,437.83,61813,1806.1,29294,143850,6942.3,9644.7,44350,10433000,24,RuR
1969200,29290,368.23,9341.9,202.94,76970,46765,-43022,88805,424400,2716,2969.7,376920,215350,199590,209.59,8473.1,424.26,187.66,1487.4,87800,183.3,3917.6,3033.4,356540,3139800,159250,41969,4212600,135630,7314.2,1680.1,499.34,448.57,405910,1881.8,9749.8,67180,111690,964.27,193.82,2374.1,390.57,33394,6933.3,53735,10627,167000,338.87,1358.2,63469,16212000,424400,367010,83674,231890,166.5,697.61,62069,1655.6,28695,137200,7498.7,4686.3,52174,10296000,48,RuR
3332900,30816,400.65,8557.8,202.94,88571,34483,-82229,88805,395620,1953.5,2874.7,361120,202440,191490,188.52,8712.5,554.75,133.17,1992.7,148670,121.98,3502.8,2243.5,342320,3015600,190290,38585,4312400,129980,11179,1841.8,535.83,813.89,395520,1887.4,9367.7,73604,96151,543.01,168.44,2547,315.32,29275,2503.8,52322,10767,160100,245.53,1324.3,62125,13290000,395620,362220,81110,224250,76441,938.84,61687,1715.6,26540,131410,6247.5,4476.9,44007,9806000,48,RuR
2896300,26345,376.65,8148,202.94,75990,43298,-31304,88805,384810,2555.9,2843.2,357160,199100,188010,188.89,7946.6,350.11,217.68,1943.7,65379,207.65,3593.9,3194,339890,2978900,152310,38585,4133200,124610,6803.9,1698.3,467.26,781.2,382220,1331.9,9333.8,67100,110910,830.99,271.03,2227.7,371.52,49133,5227.4,52579,10211,161520,247.17,1279.7,66662,16985000,384810,330770,79891,215210,44.36,835.02,64114,1659.8,26010,132440,6710.6,4103.3,47810,9866600,48,RuR
3345000,24718,333.84,8473.9,202.94,75715,48627,-59067,88805,383290,1570.2,2814.4,359560,200950,190990,196.43,8272.1,407.17,175.83,1412.7,63216,223.38,3690.6,3042.9,341850,3040800,160050,38585,4049000,127480,5473.9,1673,460.01,2225.7,380370,1393.8,9466.1,66771,104430,881.41,176.15,2060,395.1,23124,3002.1,54198,9249.3,160900,249.87,1262.6,60514,20140000,383290,357260,80530,216290,70724,625.43,59656,1738.2,26217,136050,6802.7,4407.7,48068,9826800,48,RuR
3290700,31284,283.99,16345,202.94,83203,122950,-41114,88805,415430,2290.9,4514,362690,209340,186030,277.04,9104.5,463.66,3.5177,2479.1,74288,231.71,4070.3,3034.3,373280,2954300,179810,38585,4374300,131720,6256.4,1893.6,13459,706.47,370190,2921.1,10609,68501,103180,830.97,124.05,4104,510.56,20208,5229,63575,10820,166370,455,1627.8,112040,19384000,415430,317380,86627,213450,-2.2575,1100.4,57414,1840,25203,128780,7599.3,52496,56788,10102000,72,RuR
3904400,31124,330.06,16274,202.94,110870,104790,-82972,88805,405720,1868.2,4229.7,330630,192530,174350,243.84,8249.6,601.76,-38897,2189,108320,104.98,3758.3,3964.1,343900,2750100,232840,38585,4120100,118900,7551.3,1953,26176,504.19,339640,2924.4,9699.2,79734,90019,356.83,137.9,5222.2,678.46,15161,3284,59992,9934.7,148720,681.24,1348.4,117470,11708000,405720,295830,81218,198020,110.02,953.24,57414,1636.9,25198,123020,6009.7,71947,42048,9194700,72,RuR
5087400,34916,389.43,18060,202.94,92970,113060,-124.67,101.7,426030,1594.8,4444.9,348310,205130,182500,256.1,9024.5,552.6,-26644,2777.3,111520,110.67,3916,2726.1,364830,2863100,214710,38585,4114000,125420,8921.3,2170.2,34486,564.99,374280,2850.2,10465,74747,95858,562.11,386.75,4822.6,613.76,29548,3160.4,62212,9877.8,160450,593.6,1467.8,115160,10512000,426030,313780,84701,215400,117.84,891.92,65856,1850.4,23083,127590,6392.8,68562,48686,9630500,72,RuR
5072800,34104,238.78,18771,202.94,82569,130220,-52681,88805,444480,2712.7,4654.4,360080,207270,187480,253.01,9253.5,357.91,-31169,2428.5,113250,183.28,4069.5,3415.7,374350,2936800,164030,38585,4266000,130600,4482.1,1981,5.8459,1389.3,409650,3372.6,10758,68457,105510,937.72,41355,3714.7,518.28,18.43,3875,62462,10978,165120,623.13,1499.5,128600,16512000,444480,311170,87872,210610,54528,887.49,63941,1971.9,27534,130150,7258.4,47.35,54705,10093000,72,RuR
1920800,28934,412.71,918.57,202.94,69620,3801.5,144.96,92064,375690,1717.9,814.9,400670,217120,199820,196.8,8646.6,338.14,746.21,1735.2,98726,159.36,3797.8,3208,337310,3669300,107500,199.56,4310900,148920,6695.4,1814.7,1165.9,2670.2,426930,533.91,9613.3,66662,115360,972.65,95776,1312.1,354.37,43204,3661,30925,9891.4,171960,268.2,1332.9,3804.8,16355000,375690,405610,85496,231650,187.14,516.4,124.46,2085.5,31094,149280,7538.4,9818.6,37691,10627000,0,RuR
1621800,24900,415.38,797.48,202.94,67142,2688.9,80112,88805,343390,2656.4,723.71,364600,196190,183230,161.19,8463.4,287.24,685.41,1053.8,56738,235.97,3265.8,2632.6,309200,3333100,100620,241.17,4006500,122990,3962.3,1538,1117,979.31,352640,272.02,8826.6,64329,104330,799.57,176.75,1238.6,346.68,57461,4518.2,29120,8253.1,164610,185.26,1252.2,4503.8,21544000,343390,376000,76245,209050,319.82,582.83,118.56,1650.5,29316,126870,6633.9,9514.5,32753,9877800,0,RuR
1362900,27323,381.14,925.59,218.26,67287,3134.9,102.79,88805,377710,1585.6,801.48,397570,218280,198480,171.53,8474.4,490.9,694.11,1629.4,66763,194.93,3632.4,3017.2,331460,3628300,106880,210.86,4509600,137200,7296.3,1856,1094.1,2687.3,411330,685.84,9582.5,65558,118280,901.67,332.5,1355.5,331,31731,4883.8,32878,9256.7,168420,252.22,1368.6,4005.2,13375000,377710,379110,84676,225760,188.31,625.18,109.11,1943.3,29616,136700,7248.9,9546.9,36059,10853000,0,RuR
2098600,28093,389.03,854.54,202.94,64451,3021.5,117.05,88805,340790,1961,763.73,376950,206300,189520,162.21,8344.4,397.44,724.03,1520.5,89873,200.49,3444.6,3168.6,319280,3446900,98680,210.54,4234300,132010,4638.9,1636.7,1117,826.41,387670,513.38,9098.1,64527,110830,892.8,175.83,1374.1,397.53,31.44,3140.8,28926,8660.8,158410,173.44,1204.7,3186.6,15497000,340790,392260,79553,220110,161.73,543.68,143.92,1828.5,28736,131660,7232.3,9876.6,33529,10232000,0,RuR
1920800,28934,412.71,918.57,202.94,69620,3801.5,144.96,92064,375690,1717.9,814.9,400670,217120,199820,196.8,8646.6,338.14,746.21,1735.2,98726,159.36,3797.8,3208,337310,3669300,107500,199.56,4310900,148920,6695.4,1814.7,1165.9,2670.2,426930,533.91,9613.3,66662,115360,972.65,95776,1312.1,354.37,43204,3661,30925,9891.4,171960,268.2,1332.9,3804.8,16355000,375690,405610,85496,231650,187.14,516.4,124.46,2085.5,31094,149280,7538.4,9818.6,37691,10627000,0,WT+DMSO
1621800,24900,415.38,797.48,202.94,67142,2688.9,80112,88805,343390,2656.4,723.71,364600,196190,183230,161.19,8463.4,287.24,685.41,1053.8,56738,235.97,3265.8,2632.6,309200,3333100,100620,241.17,4006500,122990,3962.3,1538,1117,979.31,352640,272.02,8826.6,64329,104330,799.57,176.75,1238.6,346.68,57461,4518.2,29120,8253.1,164610,185.26,1252.2,4503.8,21544000,343390,376000,76245,209050,319.82,582.83,118.56,1650.5,29316,126870,6633.9,9514.5,32753,9877800,0,WT+DMSO
1362900,27323,381.14,925.59,218.26,67287,3134.9,102.79,88805,377710,1585.6,801.48,397570,218280,198480,171.53,8474.4,490.9,694.11,1629.4,66763,194.93,3632.4,3017.2,331460,3628300,106880,210.86,4509600,137200,7296.3,1856,1094.1,2687.3,411330,685.84,9582.5,65558,118280,901.67,332.5,1355.5,331,31731,4883.8,32878,9256.7,168420,252.22,1368.6,4005.2,13375000,377710,379110,84676,225760,188.31,625.18,109.11,1943.3,29616,136700,7248.9,9546.9,36059,10853000,0,WT+DMSO
2098600,28093,389.03,854.54,202.94,64451,3021.5,117.05,88805,340790,1961,763.73,376950,206300,189520,162.21,8344.4,397.44,724.03,1520.5,89873,200.49,3444.6,3168.6,319280,3446900,98680,210.54,4234300,132010,4638.9,1636.7,1117,826.41,387670,513.38,9098.1,64527,110830,892.8,175.83,1374.1,397.53,31.44,3140.8,28926,8660.8,158410,173.44,1204.7,3186.6,15497000,340790,392260,79553,220110,161.73,543.68,143.92,1828.5,28736,131660,7232.3,9876.6,33529,10232000,0,WT+DMSO
2241600,25100,383.13,2143.4,202.94,74715,15216,5936,88805,370970,2353.9,1862.4,382980,210700,199210,177.07,8030.7,398.57,643.5,1640.2,101110,172.4,3595.1,2757.8,333440,3317500,130430,39676,4255900,133580,4412.5,1735.4,912.04,225.06,423090,571.34,9473.2,68312,114100,809.49,76897,1362.3,321.49,26352,4930.4,42425,10642,163460,273.28,1342.7,35107,13608000,370970,385750,83034,228280,257.04,475.47,59862,1880.9,27063,141320,6508.8,8829.3,42479,10398000,24,WT+DMSO
1891800,25625,371.27,1889.4,202.94,79778,11959,-26192,88805,370280,1848.4,1648,353020,190790,181610,170.99,8061.5,651.2,592.14,1772,97425,73293,3373.3,2426.2,312530,3082800,146800,42423,4067200,120620,8102.6,1521.6,993.34,316.62,376250,632.52,8526.5,69303,99477,529.86,160.93,1801.2,247.09,25406,2533.1,37687,9923.1,148680,310.92,1204.4,31173,14670000,370280,343240,75288,220490,72052,351.46,61686,1703.3,29788,123610,5499.1,8401.1,34747,9196400,24,WT+DMSO
1808200,26773,352.63,2032.1,202.94,83127,13454,0.1994,88805,359430,1896.5,1809.2,367320,198760,191750,177.11,8001.9,478.94,643.92,1797.8,84743,101.57,3529.5,2241.6,322420,3231400,181210,38585,4215000,128340,6722.2,1775.5,1053.5,693.94,372900,733.45,8835.2,74416,100230,593.05,361.98,1704.7,305.75,47327,2921.5,38550,11021,166640,212.8,1203,31497,13737000,359430,377030,79549,222670,93007,429.13,61291,1698.8,29183,129820,6428.9,9039.3,39255,9890000,24,WT+DMSO
2254400,25532,327.67,2126.9,222.35,70201,14170,32953,88805,382330,1798.1,1808,384200,211150,198980,199.92,8743.8,318.98,549.68,1461.2,67265,144.4,3948,3136.4,335990,3394500,129350,39866,4283100,135490,5794,1811.9,892.39,410.16,406090,581.21,9457.8,64187,117870,842.86,248.22,1335.6,295.98,48985,2320.8,42556,11739,168420,259.06,1307.1,33772,15998000,382330,380380,79781,236380,-2.8905,625.64,61604,1842.2,35824,139880,7087.9,8953.7,47190,10422000,24,WT+DMSO
2370800,29429,420.91,5558.5,202.94,101530,49378,-88.66,88805,410920,1974.5,3561.3,376690,211830,207050,214.28,9122.5,595.35,294.44,2016.6,78519,51124,3701.7,2850.9,363980,3182200,195140,38585,4595200,134960,9197.5,2003.7,763.17,215.02,403360,1199.7,9602,81096,100150,479.31,48561,3015.3,330.39,22043,3175.4,56378,10649,167360,209.84,1451.8,80176,14654000,410920,373110,85772,237000,150,626.26,63656,1632.1,29133,138210,6203.3,6228.6,41895,10249000,48,WT+DMSO
2904000,24382,326.27,4968.1,202.94,81106,42607,5.2354,88805,374260,1265.5,3148.8,360550,198710,193090,186.2,7772.5,334.31,288.5,2169.4,69318,114.85,3777.4,3225.9,341320,2994500,168470,38585,4047700,126400,3234.7,1786.5,632.19,410.16,384790,926.78,9273.8,66808,100980,757.22,53326,1634.7,320.83,32.03,6053.9,50773,11030,156620,294.71,1284.1,70290,11839000,374260,354900,79376,219090,139.18,610.28,60506,1749,26849,129130,6703,6099.6,46184,9646100,48,WT+DMSO
1945900,26016,298.51,5497.1,202.94,77352,46911,-5.6051,99506,399060,2537.1,3311.9,366250,196420,195110,182.25,7826.6,358.17,297.79,1776.1,69097,156.35,3555.5,2862.2,343740,3006400,158130,38585,4071200,128360,6488.9,1666,622.82,1242,400370,944.39,9539.7,68147,108050,849.49,356.26,1861.7,324.03,22.44,3159.7,52481,11225,164120,276.39,1304.8,78551,14803000,399060,356780,80939,226430,17217,722.93,59731,1688.1,33083,138090,7304.2,6016,52717,9880600,48,WT+DMSO
2548700,22282,362.78,5115.2,202.94,79021,46598,-46897,88805,369440,2295.4,3238.1,361620,201280,192830,180.32,8131.7,423.83,263.4,1962.8,79337,140.34,3687.6,2543.4,344840,3009200,159540,38585,4234600,128660,6095.5,1709.4,642.54,197.14,390520,931.57,9442.5,66711,109920,713.4,224.3,1799.3,348.39,18714,4549.9,51437,11294,161560,318.53,1259.5,74109,22100000,369440,352450,80545,221000,98204,610.8,62127,1715.7,27830,133860,6764.9,5784.4,48292,9928400,48,WT+DMSO
5062700,28431,224.5,12720,202.94,83463,128180,-43098,88805,400630,1339.1,4794.9,353940,204220,205740,238.34,8561.7,501.4,-46291,2171.9,95162,187.91,4086.7,3189.9,393700,2904000,175010,38585,4161600,141410,6438.5,1766,29943,378.14,384090,2109.7,10869,68982,109170,860.99,109.84,3441.5,579.4,14143,5145.9,69899,10602,163920,388.07,1521.2,123920,14864000,400630,317590,86248,211030,144.71,940.45,57414,1860.9,28510,130570,7523.9,145.09,53759,9778400,72,WT+DMSO
3687800,31252,245.19,13079,202.94,88372,69490,-57.53,88805,400570,1361.7,4667.3,352080,204520,201220,235.37,8841,684.1,-37.44,2210,66099,55092,3931.7,2646,391260,2903700,191770,38585,4085200,128720,7641.9,2015,65571,457.28,371570,1805.9,10569,73137,98962,564.28,133.85,3325.3,570.57,19317,4082.1,65345,10214,160330,364.3,1433.8,108730,13588000,400570,340510,86511,219580,46923,929.37,57414,1863.9,30031,128760,6470.6,171.82,47297,9660100,72,WT+DMSO
5107100,35346,247.17,12476,242.94,82073,100610,-102.83,88805,425330,2861.4,4755.6,358780,203590,202020,205.01,8859.6,411.38,-38203,1945.2,84348,195.59,4210.1,4027.3,395890,2925300,173760,38585,3996400,131520,5519.7,1748,42225,3551.3,390260,1290.1,10815,66643,106690,940.12,124.91,3281.5,500.74,14143,7179.8,67603,11253,165340,308.74,1503.3,115540,21084000,425330,326570,88281,224620,250.03,906.67,57414,1883.4,27709,133480,7687.1,165.87,61118,9815300,72,WT+DMSO
7168100,30493,300.28,13148,202.94,91469,159250,-38658,88805,423110,1839.1,4757.6,357390,208200,204110,249.86,8782.3,546.65,-20754,2505.7,68455,113.1,4055.5,2856.4,395740,2932100,193010,38585,4238800,129290,8484,1869.4,56042,581.15,394050,2421.2,10676,73102,105930,647.57,471.94,3367.2,423.72,14143,3983.2,65092,11946,165830,433.36,1395.1,116280,11556000,423110,318710,86222,227390,47802,887.42,62.98,1866.4,26648,132220,7355.5,175.94,55667,9935200,72,WT+DMSO
1768200,26781,530.39,2284.4,202.94,93692,13937,-33778,88805,364330,1725.7,1758.2,366360,196800,188000,173.94,8752.7,632.56,539.16,2228.9,116160,52887,3417.9,2220.4,322610,3166400,145400,42589,4439800,126850,10098,1885.4,1137.9,417.02,372290,615.82,8780.5,76222,98519,454.46,406.19,1491.8,342.45,70536,3833,38747,10672,154760,171.07,1229.2,27836,18942000,364330,365270,79823,228170,165.73,688.73,76725,1624.8,30796,132410,5671,9059,36351,9771000,24,OxR
1912400,27841,332.95,2332.5,202.94,71318,11582,19524,88805,357070,2433.3,1781.6,376200,201400,192150,172.13,8045.4,200.42,538.31,1545.7,75081,189.31,3559.8,3054,333630,3293500,129170,38585,4132000,130670,7483.2,1661.5,920.88,342.61,369210,618.84,9282.2,63747,109160,865.09,338.48,1393.4,310.29,38548,3698.1,41276,11714,161670,283.49,1177.7,31109,12219000,357070,378460,80182,232250,91466,599.58,97354,1723.2,31896,140840,7203,9239.2,46183,10168000,24,OxR
2462300,25812,391.78,2359.1,222.14,73947,15461,-5.1264,88805,383670,2145.1,1800.9,383570,211630,198680,171.45,7885,407.81,650.29,1506.4,64206,123.27,3728.7,3047.9,336660,3346500,157200,44888,4240800,131690,8245,1584.4,989.93,1819.2,394900,573.36,9388.7,69051,107160,797.78,317.95,1349.8,333.98,51439,4652.3,39748,11205,167440,321.45,1326.8,27555,12125000,383670,377170,81933,232230,32764,620.8,99264,1781.1,27809,134840,6599,9423,44685,10274000,24,OxR
2108700,28984,455.31,2273.9,202.94,82086,14148,15814,88805,369030,1806.4,1759.4,372890,202420,192720,163.51,8132.1,571.76,569.33,1756.5,72830,126.7,3357.1,2164,329120,3249700,150930,38585,4350400,128950,9127.9,1696.4,1066,422.45,378050,676.93,9181.6,71681,107450,568.45,131.6,2076.2,281.92,45739,3801.2,40564,10948,160370,306.58,1363.7,26660,12673000,369030,367650,78665,226160,211.18,693.77,86705,1840.1,29463,133320,6463.3,9455,40450,9823700,24,OxR
1828500,25790,333.56,2418,202.94,70967,14889,-22859,88805,375210,2272.7,1756.2,366980,199000,188770,177.07,7866.7,719.4,496.53,1494.6,73312,86491,3287.1,2774.6,321800,3165200,133540,41171,4123200,138320,3601.2,1612.9,872.23,293.34,385770,499.91,9055.7,62588,103780,718.73,132.44,1478.2,312.25,36321,5691.8,40175,10890,161390,290.08,1203.8,26402,20267000,375210,367300,77720,227490,161.31,552.21,104.25,1709.8,27381,128450,6733.7,8486.6,42910,9729600,24,OxR
2492300,29624,435.22,2314.2,202.94,76434,14062,-42187,88805,395300,2125,1788.6,376140,207590,196560,179.58,8567.4,879.34,578.83,1652.5,96320,83.89,3507.3,2824.9,335410,3271900,134550,38585,4270400,134270,13492,1868.3,971.48,340.24,406160,590.1,9293.9,68133,112870,486.49,411.6,1607.1,288.73,51993,3573.6,41892,11287,164500,244.44,1369.3,26639,13332000,395300,381730,83094,228250,130.25,409.29,101.85,1843,27777,131300,6435.5,9513.4,43014,10185000,24,OxR
2303500,28614,425.97,2254.5,202.94,70038,15365,49.66,88805,377700,2473.1,1861.2,386640,208750,196110,173.26,8272.7,392.03,526.01,1605.2,73215,194.47,3625.7,2888.9,336740,3382700,139710,39836,4301400,133010,7312.4,1699,915.41,1031.3,385540,513.85,9512.6,63625,114440,832.42,84862,1936.9,330.99,35191,5218.1,41746,10694,169610,299.87,1339.8,30469,12518000,377700,388340,81322,230630,80.3,509.4,111.25,2024.4,29688,140600,7185.2,9265.1,45839,10465000,24,OxR
2374400,24769,445.18,2391.7,202.94,77023,14001,20984,88805,378860,2382.5,1874,394370,215570,204020,170.01,8666.7,558.9,548.32,2046.5,92500,152.64,3555.5,2747.3,345310,3393800,159450,38585,4439600,138840,9411,1758.1,972.07,992.31,393420,664.15,9615,70333,107520,750.49,469.58,1505,353.1,37278,5468.9,41685,11642,174780,286.06,1329.4,27864,13069000,378860,404040,84780,237860,159.78,585.52,114.78,1799.9,31971,142670,7177.7,9914.9,46031,10428000,24,OxR
2217200,25904,345.5,6016.4,202.94,75504,38335,-47107,88805,373470,2410.6,2882.5,364020,196850,190490,180.06,8244.1,538.03,288.24,2202.8,73506,134.6,3544.2,3613.3,344080,3000100,159110,38585,4025100,128960,4508.5,1587.6,730.99,437.02,391370,1540.7,9307.4,63736,106600,881.97,296.97,1582.5,360.62,42376,3181.4,52172,10697,159750,316.87,1360.7,55801,12737000,373470,348020,79109,221980,76539,777.55,65523,1773.4,28068,134340,7203.3,7484.4,49832,9940600,48,OxR
1984200,34803,392.53,6174.1,202.94,75326,46231,-73063,88805,399840,2367.6,3054.9,371610,205670,196540,191.98,8175.6,440.17,266.83,1750.9,85984,254.64,3496.1,2661.8,348090,3071900,170030,38585,4296800,130380,4539.7,1638.4,754.98,1182.3,371360,1166.8,9521.8,66370,105080,813.1,278.65,1615.4,305.11,30515,3402.6,54157,10524,167480,257.52,1283.5,54787,12187000,399840,369560,82004,226960,12051,839.23,65816,1638.9,30797,136510,6370.4,7500,44864,10271000,48,OxR
3215500,26603,342.63,6786.2,202.94,82426,49602,-48556,88805,409770,2138,3276.7,389240,216730,206870,235.25,9246.2,488.94,309.34,2232.5,76889,103.02,3670,2823,367900,3203200,184420,38585,4516700,140680,6182.2,1864.7,851.55,807.44,391740,1267.2,10075,71615,112210,828.36,166.8,1802.7,347.56,32657,5705.6,58225,12064,174920,203.34,1387,51761,26914000,409770,402440,86630,238710,87163,745.44,60.43,1888.2,35361,148940,7095.3,8168.1,48389,10332000,48,OxR
2474400,24859,381.24,6283.1,202.94,80405,49586,-48166,88805,429230,1656.1,3198.8,387070,214390,204110,223.99,8876.8,573.2,284.12,1601.5,95824,135.56,3868.4,2681.7,365560,3231900,174700,38585,4362800,135560,8737.7,1934.2,772.41,991.93,423690,910.12,9955.8,69750,112040,707.15,91823,1734.6,328.46,44866,2230.3,54990,11442,170260,272.44,1456.4,56240,14980000,429230,380260,85515,249580,174.91,692.47,63922,2181,30864,145880,7050.9,8039.3,49281,10422000,48,OxR
2635600,30058,382.65,6293.6,202.94,85155,48884,-32558,88805,427170,1554.8,3204.6,385230,217180,206730,197.8,8812.7,391.55,265.56,2539.7,82789,134.33,3689.8,3505.1,363820,3217500,168150,38585,4370900,136700,7785.2,1782.5,834.15,231.65,416670,759.87,9921.4,72318,113750,779.54,55393,1798.3,343.43,51196,1904.6,56145,11137,173410,329.68,1481.4,58713,14486000,427170,381370,87382,224500,47623,730.06,59.67,1755.2,30537,144120,6919.7,8517.9,47713,10292000,48,OxR
3163000,28227,434.01,6530.1,202.94,84443,39931,-47377,88805,413240,2127.9,3058.9,362740,201820,197160,192.57,7991.8,681.59,276.74,2510.6,121940,93524,3410.2,2492.5,349240,3053300,169830,38585,4386000,140010,7439.1,1741.4,859.78,454.23,382730,1123.9,9307.7,68612,103170,421.08,121.58,2470.9,286.78,28925,2399.7,53715,11736,162670,293.31,1313.6,56840,16054000,413240,373140,80884,229560,252.75,635.97,60897,1814,28026,134750,6775.5,7618.9,46345,10117000,48,OxR
1924300,29143,406,6122.5,202.94,88805,42299,-50242,88805,415910,2392.5,3142.6,375590,210070,200660,203.87,8652.2,734.65,250.47,2273.6,86061,97949,3666.1,2820.5,357950,3116700,184500,38585,4271600,131690,9638.1,1909.6,858.18,351.61,402840,996.43,9644.6,73402,106270,581.14,334.22,1485.8,382,30756,5314.4,54642,11619,167570,236.68,1367.7,59563,24394000,415910,370950,82869,239300,141.46,667.77,61668,1709,30686,141430,7048.5,8628.6,49267,10086000,48,OxR
3266900,23144,340.2,5885.3,202.94,76979,43137,-15662,88805,390730,2022.7,3097.4,365840,203050,196750,187.86,8549.3,316.79,249.7,2216.5,71036,175.35,3554.2,2931.1,348500,3079400,160200,38585,4230600,131620,6030.1,1844.7,736.53,321.19,393630,1288.8,9593.4,66151,112870,728.26,157.22,1559.7,299.73,33251,5023.9,55290,11512,163820,314.07,1230.6,54653,18584000,390730,370730,81621,219090,194.16,739.45,72667,1763.9,26419,138480,6809.8,7555.1,48164,10058000,48,OxR
2889600,26196,335.85,12193,220.92,87490,143830,-38184,88805,432600,2524.9,4255.3,379350,213820,204810,226.82,8568.8,350.75,96779,2927.6,73758,226.34,3941.2,3319.3,395990,2993900,200320,38585,4217000,133850,6897.8,1817.1,478.62,1943.1,410410,2860.1,10470,72051,114290,889.6,136.19,1875.6,443.69,15312,5465.4,71308,11323,175040,465.54,1448,92954,22605000,432600,366100,87902,242350,27281,862.06,57414,1957.4,29384,141790,7050.5,4323.5,55235,10459000,72,OxR
2991800,28197,319.3,12336,202.94,90672,123360,-67012,88805,429430,1974.2,4336.3,376030,209930,207560,242.23,8627.8,352.42,56703,3198.4,77258,191.67,3942.2,2953,396970,3014700,219830,38585,4285800,142980,9325.4,1935.7,500.9,708.63,383180,2343.2,10415,74172,109710,646.58,148.13,2511.7,420.29,27019,6043.9,73026,11453,171490,369.64,1451.4,88385,15153000,429430,364510,84596,233440,124.44,1006.4,57414,1876.6,27874,138110,7313.3,4167.5,55148,10212000,72,OxR
4739100,26358,341.72,11638,202.94,85089,113580,-32975,88805,427550,2526.7,4182.3,372750,209880,204740,228.77,8978.6,464.95,26772,3494.3,106450,144.73,3823.9,2514.4,387510,2976800,198510,38585,4168300,133940,5691.8,1814.3,462.03,1597.6,406890,1952,10376,69796,110570,805.65,151.25,2162.9,384.81,25257,3843.2,67930,11097,173670,381.89,1507.8,94794,12646000,427550,361390,85544,236280,450.2,685.65,62409,1859.1,26991,140630,7201.1,4081.2,53297,10217000,72,OxR
4232100,28533,406.06,12585,202.94,97837,106660,27.66,88805,453760,2110.7,4405.9,380790,213300,210730,248.87,9130,530.87,59598,3243.8,141810,143.36,3921.9,2928.2,401790,3019100,221220,38585,4377100,137030,8287.2,1996.8,508.05,153.53,396170,2420.8,10577,76891,110750,685.05,279.29,3277.3,517.65,20707,3030.6,71754,11808,174730,476.03,1545.2,80063,14312000,453760,370230,89957,237110,277.51,777.06,62202,1839.3,29220,140370,6991.6,4099.2,47517,10225000,72,OxR
3302400,27342,379.64,12973,202.94,95901,147230,-53995,88805,439200,2117.2,4356.4,375080,219210,209470,221.8,9093,547.63,65792,3167.1,76861,141.76,3944,3191.5,402400,3032600,207080,38585,4480200,137880,9934.1,2069.7,486.91,848.88,395450,2098.9,10625,76492,107190,661.03,148.9,3355.7,523.34,35109,5644.7,71589,11653,173390,274.5,1505.7,90167,13177000,439200,370530,89633,244830,285.45,1094,64161,1924.1,28473,145720,7420,3928.5,54047,10307000,72,OxR
3409700,29312,321.49,11544,202.94,81420,151540,-60508,88805,440810,2147.3,4254,378710,214060,207650,205.92,9055.8,486.19,64896,3372.8,118710,150.77,4014.8,3350.9,393860,3011700,176130,38585,4214700,136670,5734.5,1921.3,451.36,1357.4,418530,2558.6,10644,67353,112020,898.07,146.93,2358.3,382.6,38.12,5815.4,68124,11615,176120,356.8,1384.9,85534,2.2e+07,440810,356770,86077,237110,117.52,837.25,62709,1816,31981,134490,7512.4,4062.5,54600,10323000,72,OxR
4964900,26486,403.93,11635,202.94,88019,168020,-60036,88805,435320,2509.2,4372.8,372600,214280,205470,235.72,8650.4,519.53,10101,3384.4,89968,299.45,4027.2,3183.7,394170,2962800,183290,39865,4428900,133720,7890.3,1778.4,468.71,1076.6,388250,2183.9,10382,71173,115460,763.78,122.95,2576.2,391.93,14143,5403.2,66215,10512,171920,331.44,1426.6,88853,24446000,435320,364870,84639,233340,27427,936.46,59727,1762.1,28724,142940,7129.7,3983.4,49728,10205000,72,OxR
3550400,31057,319.6,13459,202.94,84320,170590,-47995,88805,461590,1325.1,4384.1,378110,221960,210130,225.72,9383.3,340.21,56911,2809.9,85451,205.67,3962.1,3744.2,403650,3032700,198660,38585,4284800,139690,6467.4,2009.3,426.91,559.37,411980,1261.2,10692,69505,123080,802.64,145.18,2625.3,422.29,47788,6504.8,71462,12310,178300,288.47,1452.9,93747,19508000,461590,358630,87337,246820,169.75,1152.8,62389,1869.3,31033,138860,7312.4,3618.9,58650,10494000,72,OxR
1920800,28934,412.71,918.57,202.94,69620,3801.5,144.96,92064,375690,1717.9,814.9,400670,217120,199820,196.8,8646.6,338.14,746.21,1735.2,98726,159.36,3797.8,3208,337310,3669300,107500,199.56,4310900,148920,6695.4,1814.7,1165.9,2670.2,426930,533.91,9613.3,66662,115360,972.65,95776,1312.1,354.37,43204,3661,30925,9891.4,171960,268.2,1332.9,3804.8,16355000,375690,405610,85496,231650,187.14,516.4,124.46,2085.5,31094,149280,7538.4,9818.6,37691,10627000,0,OxR
1621800,24900,415.38,797.48,202.94,67142,2688.9,80112,88805,343390,2656.4,723.71,364600,196190,183230,161.19,8463.4,287.24,685.41,1053.8,56738,235.97,3265.8,2632.6,309200,3333100,100620,241.17,4006500,122990,3962.3,1538,1117,979.31,352640,272.02,8826.6,64329,104330,799.57,176.75,1238.6,346.68,57461,4518.2,29120,8253.1,164610,185.26,1252.2,4503.8,21544000,343390,376000,76245,209050,319.82,582.83,118.56,1650.5,29316,126870,6633.9,9514.5,32753,9877800,0,OxR
1362900,27323,381.14,925.59,218.26,67287,3134.9,102.79,88805,377710,1585.6,801.48,397570,218280,198480,171.53,8474.4,490.9,694.11,1629.4,66763,194.93,3632.4,3017.2,331460,3628300,106880,210.86,4509600,137200,7296.3,1856,1094.1,2687.3,411330,685.84,9582.5,65558,118280,901.67,332.5,1355.5,331,31731,4883.8,32878,9256.7,168420,252.22,1368.6,4005.2,13375000,377710,379110,84676,225760,188.31,625.18,109.11,1943.3,29616,136700,7248.9,9546.9,36059,10853000,0,OxR
2098600,28093,389.03,854.54,202.94,64451,3021.5,117.05,88805,340790,1961,763.73,376950,206300,189520,162.21,8344.4,397.44,724.03,1520.5,89873,200.49,3444.6,3168.6,319280,3446900,98680,210.54,4234300,132010,4638.9,1636.7,1117,826.41,387670,513.38,9098.1,64527,110830,892.8,175.83,1374.1,397.53,31.44,3140.8,28926,8660.8,158410,173.44,1204.7,3186.6,15497000,340790,392260,79553,220110,161.73,543.68,143.92,1828.5,28736,131660,7232.3,9876.6,33529,10232000,0,OxR
