,,1-Methylnicotinamide,2-Carbamoylamino-butanedioic acid,2-Deoxycytidine,3-Methyl-2-oxovaleric acid,3-Methylcytidine,trans-4-hydroxy-L-proline,5-Deoxy-5-Methylthioadenosine,5-Methyluridine,acetyl-CoA,ADP,alanine,alpha-Aminoadipic acid,2-oxoglutaramate,AMP,arginine,asparagine,aspartate,ATP,betaine,cAMP,L-carnitine,choline,cis-aconitate,citrate,citrulline,cytidine,dCMP,dGTP,dihydroxyisovalerate,erythrol,F6P+G1P,flavinadenin dinucleotide,"fructose-1,6-bisphosphate",fumarate,D-gluconic acid,glucose-6-phosphate,glutamate,glutamine,glutamyl-cysteine-NEM,glycine,GSH-NEM,GTP,guanidineacetic acid,guanosine,hexose,histidine,homocysteine-NEM,homoserine,4-hydroxy-2-oxoglutarate,IMP,inosine,isocitrate,isoleucine+leucine,kynurenine,L-palmitoylcarnitine,L-lactate,lysine,malate,D-glucitol,melatonin,methionine sulfone,methionine,(R)-mevalonate,N-acetyl-L-aspartate,N-acetyl-serine,N4-acetylcytidine,NAD+,NADPH,NEM-CoA,NEM-cys-gly,NEM-cys,nicotinamide,O-acetyl-L-carnitine,ornithine,palmitoyl-CoA,pentose-phosphate,phenylalanine,phosphocreatine,proline,propionyl-L-carnitine,uridine,pyruvate,ribose,S-adenosyl-homocysteine,S-adenosyl-methionine,sarcosine,serine,succinate,threonine,thymidine,thymine,tryptophan,tyrosine,UMP,pseudouridine,valine,xanthine,D-xylose,UTP,UDP,sedoheptulose-7-phosphate,NADH,NADP+,N-acetyl-asp-glu,GMP,CMP,CTP,L-cystathionine,dATP,biotin,argininosuccinate
Sample,Group,C02918,C00438,C00881,C03465,No result,C01157,C00170,No Result,C00024,C00008,C00041,C00956,C00026,C00020,C00062,C00152,C00049,C00002,C00719,C00575,C00318,C00114,C00417,C00158,C00327,C00475,C00239,C00286,C04272,C00503,C00085,C00016,C05378,C00122,C00257,C00668,C00025,C00064,C00669,C00037,C00051,C00044,C00581,C00387,C00984,C00135,C00155,C00263,C02630,C00130,C00294,C00311,C00123,C01718,C02990,C01432,C00047,C00711,C00392,C01598,No result,C01733,C00418,C01042,No result,No result,C00003,C00005,C00010,C01419,C00097,C00153,C02571,C00077,C00154,C00117,C02057,C02305,C00148,C03017,C02067,C00022,C00121,C00021,C00019,C00213,C00065,C00042,C00188,C00214,C00178,C00078,C00082,C00105,C00299,C00183,C00385,C00181,C00075,C00015,C05382,C00004,C00006,No result,C00144,C00055,C00063,C00542,C00131,C00120,C03406
HCT116_Cntrl_1,HCT116_Cntrl,,,,5.868248284,363.5332736,108.1587586,0.068,,0.589435989,66.44,459,1.91,27.87973739,6.846612951,9.285138765,298.4,121.25,184.5866905,13.3,,5.703372128,3.914503133,0.621128021,41.1444345,1.468173679,,,184.124142,9.246642793,5.663682483,19.74037601,0.3,24.99403163,20.43270665,5.761414503,49.8,966.65,649.4,,464.3688451,,6.589525515,,,14.70113399,8.057445539,,21.08,2.131453298,,0.130752014,5.546553268,48.44225604,,0.038106535,1158.221426,4.297821546,54.08236347,2.166815876,,0.18718293,14.84944793,,45.80274545,12.35780364,,61.61742763,,0.434049537,,,0.22581319,0.599567293,1.723067741,0.036869591,,25.35362578,578.8570576,216.980006,13.48105043,,65.28200537,29.96866607,0.265502835,1.089152492,351.5219338,25.68785437,9.305729633,21.08475082,,,3.237093405,20.98925694,0.119653835,,20.45061176,,,1.941062369,23.36168308,108.4840346,0.339600119,4.845419278,0.092190391,0.281736795,1.45226798,2.039092808,0.793524321,1.465487914,0.141351835,0.557430618
HCT116_Cntrl_10,HCT116_Cntrl,,,,6.805129689,287.4554045,120.0404975,0.576,,1.562838685,232.76,662,2.5,23.69299007,65.51537942,11.50824414,386.3,149.4,188.2865683,15.1,,7.572461672,5.334876097,0.694378556,51.03847266,1.769337576,,,187.7446726,6.668787966,8.280397262,13.26988719,0.48,36.08523768,24.95419921,6.252627519,22.86,1236.81,823.8,,533.9504387,,2.908687687,,,17.96760197,9.793076849,,27.01,2.658952849,,0.345540449,3.406228908,60.15234789,,0.053258124,513.7980908,5.638414811,67.70610356,3.505737152,,0.222119371,19.41760679,,61.46755376,20.28541124,,80.39919005,,21.43284158,,,1.495632051,0.96091023,1.366194195,0.035186578,,31.46273262,434.9243082,274.4190531,15.15900106,,109.7020538,37.31944846,0.355471989,1.413479896,514.7237489,34.44797994,15.62935108,27.00607463,,,4.143862694,26.75344711,14.71912062,,23.05274323,,,0.971593868,57.81120432,146.6030277,0.438916209,7.641307492,0.108857391,16.33921512,24.86356186,0.92860862,0.912332466,1.087725388,0.403914762,0.79618166
HCT116_Cntrl_2,HCT116_Cntrl,,,,5.280070547,310.4938272,98.37213404,0.361,,0.607283951,87.75,465,2.01,26.66666667,16.55784832,9.358730159,292,118.84,171.5696649,13.3,,5.612698413,3.872663139,0.551710758,41.44268078,1.441093474,,,170.691358,9.003174603,5.774779541,17.96472663,0.34,27.61199295,16.55908289,5.478835979,44.68,998.4,645.7,,438.9241623,,6.322574956,,,14.80881834,7.849206349,,20.49,2.351322751,,0.154550265,2.368077601,48.61728395,,0.04319224,1165.555556,4.200176367,56.21516755,2.642680776,,0.168271605,15.1670194,,45.90123457,16.95326279,,64.76895944,,0.882028219,,,0.34345679,0.706419753,1.872134039,0.038320988,,25.38624339,559.3650794,218.1128748,13.82451499,,63.49029982,31.13051146,0.288342152,1.27670194,359.4179894,26.58377425,10.37372134,20.48677249,,,3.212698413,20.97530864,0.554356261,,18.65608466,,,1.888712522,40.2010582,106.7530864,0.401410935,24.37566138,0.099555556,0.675502646,2.658553792,1.774779541,0.919700176,1.298430335,0.351798942,0.572821869
HCT116_Cntrl_5,HCT116_Cntrl,,,,4.462240746,131.2235784,95.31011214,0.38,,0.686593232,114.97,451,1.83,23.78882604,22.77066587,8.090106182,272.7,109.53,162.7111243,12.5,,5.116403692,4.114716682,0.540776025,38.65634613,1.323330356,,,162.4570805,7.306341173,5.143395852,15.59591148,0.27,24.08454897,18.56266746,5.283715391,34.64,901.82,587.9,,412.464027,,2.783963481,,,13.25176144,6.729185273,,18.28,2.146670636,,0.176342165,2.521782276,43.25295227,,0.0449221,1021.93113,3.770169693,49.9275578,2.660712514,,0.131150144,13.57725514,,44.60256029,16.85223777,,57.92795475,,1.644795078,,,0.561159075,0.635169197,1.392180212,0.034317753,,23.01677086,472.7994443,201.7465516,12.9441302,,63.69951374,30.60236181,0.322695247,1.134940955,346.0355264,23.16562469,10.80162747,18.2826238,,,2.832787536,18.66269723,1.491832887,,16.66190334,,,1.161377394,41.21861665,96.01468691,0.451721743,NA,0.112033343,1.82115709,5.602659522,0.923826536,0.515391486,1.252991962,0.357507195,0.527855513
HCT116_Cntrl_6,HCT116_Cntrl,,,,4.674601872,190.7076014,83.60039402,0.336,,0.729157774,113.9,421,2.01,19.84895748,34.10441635,7.616647513,233.6,101.2,136.9151207,11,,4.82777869,3.587752422,0.497225415,36.59825973,1.232736825,,,136.4882614,6.636020358,5.093909046,14.14316204,0.31,24.60022985,16.98571663,4.378919718,26.83,863.31,544.4,,382.8435396,,3.240354622,,,11.91118043,6.057133476,,18.02,1.954194714,,0.146429158,1.174995896,40.99655229,,0.038972254,769.7586603,3.488261369,48.42718765,2.468888524,,0.155073059,12.71219833,,40.62551305,15.55754392,,57.18929568,,3.816614677,,,0.514201281,0.636939747,1.416483336,0.036665572,,21.42176982,403.6939747,185.6837958,11.74831719,,66.56706616,26.14020686,0.286816615,1.136365129,323.9697915,22.02429814,9.5632901,18.02167132,,,2.866852734,17.55869315,3.118535544,,17.37809883,,,1.067624364,37.18601215,72.05549171,0.373666065,8.82433098,0.12712855,3.545559022,10.1441471,1.033590543,0.738039731,1.151436546,0.264160236,0.53249056
HCT116_Cntrl_9,HCT116_Cntrl,,,,4.791975492,157.8120368,105.4590375,0.33,,0.995493626,165.34,528,2.06,20.40517838,51.04259314,9.223638699,278.9,119.96,133.8808183,13.2,,5.617551141,4.472181046,0.594841387,41.06532266,1.471726455,,,133.6060876,6.156932503,4.923411404,14.44154561,0.32,27.7833778,16.06403795,5.08014626,23.77,976.78,662.5,,462.7334717,,3.070856804,,,13.46299041,8.111868762,,19.98,2.133412393,,0.297124222,2.546891985,47.63711829,,0.04829331,515.5647791,4.322956814,54.79790493,2.939618539,,0.180672003,15.00523767,,47.174622,16.11799585,,63.76914715,,5.569127384,,,1.073406463,0.629133314,1.556240735,0.039351715,,25.07560036,397.2131634,222.8678723,13.53216721,,88.28342722,29.6610337,0.349817176,1.179385315,406.0480285,26.30497085,12.25417531,19.9802352,,,3.108805218,20.67200316,8.606779326,,19.23490463,,,0.995790098,49.34874988,91.40231248,0.449846823,4.474157525,0.111568337,9.316730902,19.16256547,0.923193992,0.758948513,1.081944856,0.358039332,0.542306552
HCT116Res_Cntrl_15,HCT116Res_OxR_Cntrl,,,,5.607989035,73.79283337,85.12238105,0.334,,0.496299197,131.94,345,1.61,32.23497161,4.699823771,7.743880948,221.7,144.04,176.1112199,9.4,,3.974153123,9.016252203,0.942745252,74.46250245,1.874016056,,,175.6921872,6.4190327,4.656745643,13.17799099,0.15,16.23967104,17.54219698,3.193538281,36.42,1362.44,686.2,,463.8731153,,3.443156452,,,15.89230468,13.42001175,,23.32,2.484903074,,0.343176033,2.611004504,66.63794791,,0.07503035,1115.762679,4.263168201,47.73839828,1.880321128,,0.078437439,23.50225181,,43.30526728,10.92617975,,73.0526728,,0.656667319,,,0.618719405,0.741609556,2.261719209,0.043873115,,35.3624437,581.437243,176.8004699,8.702173487,,44.00234972,29.94360681,0.579322499,1.232151948,276.1464656,93.45212453,7.120422949,23.3197572,,,5.652242021,29.40356374,0.406383395,,18.4656354,,,1.973056589,35.13922068,69.83356178,0.891325631,6.386528294,0.221061288,0.477344821,1.374662228,1.334247112,1.440180145,0.591815156,0.52833366,0.450636381
HCT116Res_Cntrl_16,HCT116Res_OxR_Cntrl,,,,8.986093003,104.3198609,109.4046067,0.249,,0.714124294,275.71,436,4.82,45.31073446,6.813124728,10.74837027,321.7,212.29,240.2303346,15.7,,5.97740113,14.18166015,1.377922642,102.603216,2.584311169,,,236.914385,11.32377227,17.90569318,26.29117775,0.17,25.39504563,21.58583225,4.94176445,43.07,1968.67,1012.7,,724.9022164,,12.80269448,,,22.69491525,21.6779661,,33.46,3.599087353,,0.38083442,4.485875706,98.87440243,,0.088744024,967.6662321,5.894393742,70.31290743,2.576749239,,0.254372012,35.06692742,,62.63363755,20.68622338,,105.9104737,,1.675966971,,,0.780312907,0.945762712,2.845154281,0.046318992,,52.11212516,955.1499348,256.4971751,13.86527597,,50.43024772,50.54324207,0.64454585,4.899174272,361.6862234,136.9665363,11.52368535,33.45762712,,,8.466318992,43.30986528,0.694437201,,26.46675359,,,46.35810517,56.73185571,79.62190352,0.989135159,4.920903955,0.334432855,0.74041721,2.421555845,6.033463711,2.247805302,0.800260756,0.35601043,0.508996089
HCT116Res_Cntrl_19,HCT116Res_OxR_Cntrl,,,,9.487204018,92.74814638,118.497967,0.303,,0.924707008,287.5,492,4.69,44.981105,25.17053337,11.8928486,335.1,225.34,226.1277206,15.4,,6.335804831,14.15785697,1.618033963,122.3774217,3.301937336,,,225.5202105,10.09327912,9.82300885,17.85840708,0.23,26.55106434,28.85960297,5.452762497,39.38,2144.46,1047.2,,683.6163597,,3.564553934,,,26.30710356,24.71083473,,35.61,3.696436259,,0.419182014,8.114326716,104.5491509,,0.095513035,1061.946903,6.933269553,75.93877063,2.538292275,,0.249342263,37.93494379,,73.82444391,24.88878259,,114.317149,,2.632958622,,,1.034632863,1.11207845,2.832241091,0.049657977,,54.60416168,960.0574025,272.174121,13.42836642,,73.31260464,42.32001913,0.72279359,1.730925616,388.792155,144.3243243,12.51853624,35.60870605,,,8.757713466,45.61014111,3.054962928,,29.82205214,,,2.410045444,112.7481464,130.5477159,1.088734752,10.83951208,0.270021526,2.602152595,6.742884477,1.235589572,1.548816073,0.649509687,0.560583592,0.48045922
HCT116Res_Cntrl_20,HCT116Res_OxR_Cntrl,,,,5.825074038,67.61697927,83.43928924,0.326,,0.567068115,145.49,370,2.4,28.04422507,18.61757157,7.987364265,234.1,148.67,140.6357354,10.2,,4.173741362,9.747285291,1.06159921,76.59624877,1.863968411,,,140.4225074,6.273247779,4.74195459,10.19427443,0.17,19.11391905,14.48687068,3.00260612,26.49,1406.36,701.9,,469.6544916,,3.237591313,,,16.62033564,14.2230997,,23.12,2.315932873,,0.346021718,4.270483712,68.54096742,,0.076130306,671.1154985,4.397235933,50.61401777,1.935123396,,0.103368213,24.47384008,,43.7709773,15.45468904,,73.94274432,,1.523988154,,,0.98076999,0.595695953,1.82195459,0.04666535,,35.57077986,581.2438302,182.3494571,8.852122409,,42.60217177,33.41164857,0.592221125,1.345705824,279.798618,94.9851925,6.452912142,23.12339585,,,5.791905232,30.36446199,1.954748272,,21.27976308,,,2.267719645,59.18657453,60.73840079,0.898716683,6.098716683,0.222894373,1.835103653,3.168845015,1.167739388,1.373701876,0.606633761,15.06614018,0.388284304
HCT116Res_Cntrl_23,HCT116Res_OxR_Cntrl,,,,4.736879059,55.19747235,63.9002984,0.287,,0.368931016,106.5,271,2.31,20.00210637,25.32912059,7.124451466,180.5,115.19,99.67351237,8.2,,3.353449184,7.954010883,0.901913288,63.32104616,1.480954889,,,99.52606635,5.302790943,4.207126558,9.547130068,0.09,13.65490609,13.80024574,2.151693874,18.06,1098.75,560.6,,367.5267685,,2.30300158,,,19.39722661,12.1864139,,19.09,1.723749342,,0.309513779,2.881446375,55.25715289,,0.067681236,455.5028963,4.298402668,39.67702299,1.537932245,,0.075271195,19.59733193,,34.94611199,12.53958224,,60.56520976,,1.101316482,,,1.011128664,0.622924346,1.734316307,0.040122872,,28.94856942,477.0581008,150.3668598,7.362822538,,34.74038968,18.77022995,0.52560997,1.059224153,209.5488854,76.12076532,6.170967176,19.08758996,,,4.645602949,24.05581885,4.39002984,,15.14586625,,,1.768720379,49.34526944,28.54941197,0.799017027,4.119361067,0.198167457,4.351764086,6.059329472,0.843075303,1.119045111,0.439424258,0.395857469,0.355520449
HCT116Res_Cntrl_24,HCT116Res_OxR_Cntrl,,,,4.093989681,64.63812578,57.83851625,0.234,,0.49881467,103.77,248,1.51,18.19550969,18.67103612,6.043508576,149.4,100.45,94.47775763,7.7,,2.887463394,7.258959699,0.74073351,55.04671594,1.337470367,,,94.33551806,4.396876307,3.302189374,6.672709524,0.15,12.1718031,8.863198996,1.946562544,14.35,960.79,492.7,,370.2133594,,1.985943383,,,13.5554316,10.1489332,,16.68,1.567480128,,0.255470646,2.876028448,48.03793055,,0.053334263,413.2199135,3.502440385,34.64509831,1.186947427,,0.079146563,17.12536606,,29.79221866,10.43731697,,53.09161902,,1.442978664,,,0.589262307,0.486654581,1.161400084,0.029867522,,24.9136801,421.3638265,130.5201506,6.689722493,,34.7901269,19.83126482,0.414642309,0.863756798,200.1812857,67.12592386,4.944638126,16.67884535,,,4.069446381,20.69948403,3.379723888,,12.93180867,,,1.578022591,36.94045461,26.08255473,0.634778971,2.283391438,0.15743411,4.526565333,6.401338725,0.780421141,0.830344443,0.37035281,0.346757774,0.263185051
HCT116_DMSO_Cntrl_1,HCT116_DMSO_Cntrl,138.2325581,0.151069767,0.033116,1.637209302,113,41,0.133023256,0.292093023,0.518102326,11.21860465,56,1.01,8.186046512,0.600930233,1.47,58,36,166,3,0.007925581,1.395348837,0.969302326,0.158325581,11.57209302,0.368372093,0.02027907,0.018790698,167.255814,0.026418605,1.11627907,7.553488372,0.057302326,5.506976744,6.344186047,2.158139535,13.24651163,273.4883721,144,0.133953488,200.9302326,240,35.53488372,0.00904186,0.013265116,5.451162791,3,0.708837209,6.846511628,1.013953488,0.081674419,0.02772093,0.375813953,13.97209302,0.478139535,0.040290233,638.1395349,0.948837209,18.23255814,0.520930233,0.019906977,0.061,4.353488372,0.028465116,22.88372093,7.609302326,0.018362791,18.79,0.028837209,0.392986047,5.43,2.493023256,0.106790698,0.40372093,1.06,0.059533023,0.654883721,7.55,154.8,79.62790698,2.381395349,0.037581395,14.4744186,15.25581395,0.014251163,0.035906977,30.13953488,10.64186047,3.702325581,6.85,0.012353488,0.096,0.814883721,6.08372093,0.029767442,0.042046512,3.776744186,0.015218605,0.158139535,,,,,,,,,,,,,
HCT116_DMSO_Cntrl_10,HCT116_DMSO_Cntrl,223.7550471,0.10077389,0.033984,1.103633917,94,40,5.585464334,0.218707941,0.826312248,29.60969044,51,0.91,4.18909825,13.96366083,1.25,53,33,43,3,0.007873486,1.275235532,0.849596231,0.200201884,9.740915209,0.334791386,0.015124495,0.019851952,43.06864065,0.027927322,0.921938089,3.347913863,0.069650067,5.248990579,4.895693136,1.766487214,4.878869448,245.6258412,133,0.138627187,147.3755047,81,19.85195155,0.008243607,0.011002692,4.323687752,2.7,0.684724092,6.090174966,0.849596231,0.084454913,0.025740242,0.501345895,12.70188425,0.430686406,0.036946501,211.9784657,0.842866756,15.34320323,0.479475101,0.017833109,0.042,3.953566622,0.029273217,16.73956931,6.81359354,0.01660498,15.97,0.026076716,0.133625505,8.19,1.638627187,0.200201884,0.309555855,0.79,0.054825034,0.188425303,6.75,108.7,71.8371467,2.338492598,0.030619112,12.95423957,12.09623149,0.018506057,0.033647376,28.1,9.942799462,4.037685061,6.09,0.011843876,0.050975774,0.790713324,5.400403769,1.334118439,0.030787349,3.465679677,0.004475101,0.145524899,,,,,,,,,,,,,
HCT116_DMSO_Cntrl_2,HCT116_DMSO_Cntrl,231.5387209,0.231538721,0.042486,1.973699,124,49,0.191075643,0.285489491,0.344138474,14.90390019,66,1.08,8.924356525,2.540182084,1.68,66,41,73,4,0.013195459,1.616275149,1.155445656,0.187254131,13.01562324,0.460829493,0.033044847,0.022704282,72.8335394,0.042261436,1.13071822,7.305833427,0.114645386,5.979543666,5.709789817,2.720017984,15.17365404,325.9525683,162,0.156457233,174.2160279,279,17.48904125,0.010925031,0.015038777,6.65392829,3.1,0.894683601,7.485669327,0.971113859,0.09868495,0.033494436,0.633921547,16.29762841,0.57322693,0.049668428,440.5979544,1.110486681,21.73766438,0.566483084,0.023828257,0.059,5.080364168,0.042711026,19.69203102,8.249971901,0.022704282,22.7,0.048780488,0.523794537,8.14,2.877374396,0.149938181,0.415870518,1.33,0.08903001,0.463077442,8.79,227,91.94110374,3.147128245,0.038215129,18.18590536,18.50061819,0.021377993,0.042036642,35.74,12.29627964,4.855569293,7.49,0.014319434,0.056873103,0.962122064,6.946161628,0.099584129,0.039339103,4.585815443,0.011194785,0.364167697,,,,,,,,,,,,,
HCT116_DMSO_Cntrl_5,HCT116_DMSO_Cntrl,248.5758674,0.211289487,0.030243,1.10616261,89,32,0.83065769,0.094873123,0.297897462,20.15535992,50,0.28,4.909373382,8.70015536,1.22,49,30,38,3,0.012594511,1.126877266,0.899016054,0.171724495,9.03158985,0.345934749,0.022786121,0.02589332,37.90781978,0.033143449,0.789228379,3.583635422,0.066494045,4.329363024,3.749352667,1.195235629,8.430864837,240.2900052,124,0.149974107,144.1740031,129,10.3158985,0.010398757,0.017462455,4.971517349,2.5,0.650440186,5.717244951,0.29414811,0.096116002,0.030864837,0.354220611,12.26307613,0.524080787,0.043430347,242.3614707,0.83065769,15.63956499,0.410150181,0.021957535,0.046,3.811496634,0.033764889,18.04246504,6.007250129,0.020445365,16.8,0.032107716,0.187658208,6.88,1.860176075,0.137338167,0.325220093,0.8,0.075399275,0.070015536,6.48,132.6,68.97980321,2.278612118,0.031071983,13.11237701,14.89383739,0.021957535,0.039564992,27.14,9.715173485,3.625064733,5.72,0.015598136,0.124909373,0.71879855,5.220093216,0.360435008,0.036457794,3.045054376,0.059865355,24.44329363,,,,,,,,,,,,,
HCT116_DMSO_Cntrl_6,HCT116_DMSO_Cntrl,408.6709311,0.106432125,0.022566,0.881307747,52,31,1.138948117,0.124378109,0.293123667,22.3880597,40,0.75,3.909026297,9.73702914,1,40,24,44,2,0.009452736,0.936389481,0.680525942,0.140191898,8.42217484,0.245202559,0.014872068,0.020078181,43.71002132,0.026119403,0.673418621,4.246624023,0.060767591,3.926794598,4.033404407,1.515636105,5.828002843,200.7818053,98,0.086176262,138.0597015,112,11.67377399,0.00858209,0.012366738,3.55366027,1.8,0.488628287,4.388770434,0.730277186,0.078002843,0.026474769,0.232764748,9.808102345,0.449538024,0.03750533,241.6488984,0.66275764,13.25515281,0.437100213,0.018834399,0.035,2.949538024,0.027007818,15.61833689,5.312722104,0.017537313,13.79,0.035003554,0.158818408,5.63,1.423240938,0.139658849,0.289623312,0.58,0.066796375,0.273631841,5.22,85.8,56.14783227,1.695095949,0.025230988,12.01137171,11.15849325,0.016648898,0.032338308,21.32,7.302771855,3.358208955,4.39,0.011531628,0.030028429,0.566808813,4.193319119,0.604122246,0.024697939,2.594171997,-0.015849325,0.130597015,,,,,,,,,,,,,
HCT116_DMSO_Cntrl_9,HCT116_DMSO_Cntrl,338.0896119,0.227210761,0.0349,1.148777606,111,39,4.198854858,0.221757702,0.949904571,28.53767154,55,0.89,4.544215214,14.01435972,1.3,56,34,51,3,0.008724893,1.223302736,0.921566845,0.212669272,10.1245115,0.367172589,0.028901209,0.022902845,50.8952104,0.027628829,0.759792784,3.253658093,0.066163774,5.289466509,6.216486413,1.926747251,4.526038353,258.1114242,137,0.134872308,153.9580115,75,22.17577024,0.008943016,0.01245115,4.616922657,3,0.714350632,6.180132691,0.876124693,0.079796419,0.027992366,0.330818868,13.26910842,0.463509952,0.038873035,189.0393529,0.868853949,15.86839953,0.485322185,0.019267473,0.056,4.126147414,0.032536581,18.10415341,7.034445151,0.017940562,16.89,0.028174134,0.133859856,7.94,1.525038626,0.175770244,0.341724984,0.93,0.067408888,0.29264746,6.96,115.1,75.25220394,2.399345633,0.031627738,14.05071344,13.26910842,0.017740616,0.036353722,29.63,9.506498228,3.962555667,6.18,0.012305735,NA,0.767063528,5.598473144,1.403253658,0.035990184,3.380896119,-0.010633464,0.199945469,,,,,,,,,,,,,
HCT116Res_DMSO_Cntrl_15,HCT116Res_Cntrl,141.9068736,0.657797487,0.116778,2.128603104,173,58,0.533628973,1.045084996,0.254634146,22.76422764,85,0.51,7.745750185,9.327420547,3.12,70,33,53,6,0.01195861,3.10421286,1.92165558,0.379896526,19.9556541,0.67405765,0.016851441,0.014929786,53.21507761,0.068736142,1.906873614,7.376201035,0.121212121,10.02217295,6.962305987,5.188470067,14.92978566,292.6829268,169,0.239467849,203.9911308,126,12.34294161,0.00789357,0.020103474,8.218773097,4.2,1.566888396,7.479674797,1.064301552,0.181818182,0.022025129,0.713968958,19.2165558,0.393200296,0.088833703,282.3355506,2.690317812,23.6511456,1.237250554,0.015816704,0.076,5.129342203,0.035328899,17.59053954,12.53510717,0.014929786,24.24,0.079674797,0.22518847,6.87,4.671101256,0.243902439,0.576496674,1.57,0.050039911,0.781966001,9.79,147.5,132.594235,4.833702882,0.061197339,30.74648928,43.01552106,0.036954915,0.032963784,46.86,4.198078344,7.834441981,7.48,0.010362158,0.096674058,0.903178123,7.908351811,0.632668145,0.058980044,6.134515891,0.05218034,0.722838137,,,,,,,,,,,,,
HCT116Res_DMSO_Cntrl_16,HCT116Res_Cntrl,276.512176,0.094108405,0.074941,1.451688924,128,35,0.570306363,0.326787117,0.145758052,21.99528672,61,0.84,4.006284368,10.96622152,2.22,51,24,37,4,0.011358995,1.7282011,1.410840534,0.301649647,14.75255302,0.44461901,0.017753339,0.015868028,36.76355067,0.055459544,0.807541241,4.65043205,0.057816182,8.719560094,4.47761194,2.058130401,8.185388845,205.8130401,121,0.188531029,143.2835821,72,9.599371563,0.007886881,0.020895522,5.435978005,3,1.121759623,5.561665357,1.024351925,0.117360566,0.023409269,0.388059701,13.18146112,0.406912804,0.067225452,145.3260016,1.7282011,14.67399843,0.545168892,0.016653574,0.061,3.487824038,0.025451689,15.86802828,8.169677926,0.016025137,14.85,0.024351925,0.127417125,5.2,3.205027494,0.243519246,0.447761194,0.96,0.020664572,0.545168892,6.8,58,91.4375491,3.26787117,0.041162608,19.32443048,26.08012569,0.022623723,0.036292223,33.15,2.608012569,5.216025137,5.56,0.010667714,0.128986646,0.609583661,5.357423409,1.442262372,0.055302435,3.582089552,0.001373134,0.403770621,,,,,,,,,,,,,
HCT116Res_DMSO_Cntrl_19,HCT116Res_Cntrl,166.7550974,0.09080573,0.121883,2.986432199,114,65,7.35238384,0.676116122,0.714121125,49.2685515,87,0.41,4.987493368,25.46805124,3.43,73,34,110,6,0.011506102,3.486697491,2.122337603,0.419919654,20.7685894,0.680663988,0.022132949,0.01531115,110.9679375,0.084287122,1.667550974,6.306374593,0.091715304,18.49465626,8.216478436,4.229515652,9.899188964,300.1591753,171,0.274387933,192.5263397,85,NA,0.007564618,0.044720685,8.034563784,4.4,1.473508679,7.776851361,1.264306829,0.206169939,0.028651558,1.381035398,19.55582506,0.407792011,0.091550064,192.5263397,2.84999621,23.95209581,1.049041158,0.016220723,0.069,5.290684454,0.033502615,16.67550974,12.29439854,0.015462745,25.01,0.023497309,0.173728492,8.14,4.047601001,0.406276055,0.673084211,1.42,0.031824452,1.109679375,10.01,72.5,138.4067308,4.866216933,0.069582354,42.90153869,39.4148412,0.051390889,0.044265899,48.36,4.563025847,9.671795649,7.78,0.010520731,0.058970666,1.009626317,8.170999773,6.655044342,0.118850906,6.594406124,0.099446676,7.867808686,,,,,,,,,,,,,
HCT116Res_DMSO_Cntrl_20,HCT116Res_Cntrl,281.3384385,0.099716997,0.091726,1.964374896,105,41,3.063093058,0.404528051,0.3957716,43.78225404,75,0.66,3.562510405,22.64025304,2.7,62,27,68,5,0.008989512,2.264025304,1.847844182,0.409522224,18.47844182,0.53770601,0.018977859,0.016813717,68.91959381,0.069086066,0.997169968,5.243882138,0.066089562,14.71616447,6.99184285,2.86332612,5.743299484,251.3733977,148,0.201431663,213.0847345,63,18.97785916,0.008223739,0.036623939,7.208257033,3.8,1.195272182,6.875312136,1.10537706,0.263026469,0.03196271,0.709172632,16.247711,0.436157816,0.084910937,153.4875978,2.247378059,19.47727651,0.809056101,0.01764608,0.07,4.278341934,0.026635592,21.30847345,10.7208257,0.016647245,20.81,0.02580323,0.139746962,6.29,3.029798568,0.377892459,0.56767105,1.19,0.016687198,0.943898785,8.29,44.1,117.3630764,3.695688364,0.066921924,27.13500916,36.29099384,0.02380556,0.046945231,41.78,3.812219078,8.673214583,6.88,0.011703013,0.072581988,0.755784918,6.542367238,9.172631929,0.111037123,4.711170301,-0.004994173,0.43782254,,,,,,,,,,,,,
HCT116Res_DMSO_Cntrl_23,HCT116Res_Cntrl,127.2202378,0.058619171,0.074375,1.487498165,114,30,3.885110339,0.545089788,0.590654206,35.32808142,54,0.34,2.554190928,18.39800362,2.02,44,20,40,4,0.007545139,1.888731223,1.301560894,0.268141117,13.50491755,0.397318589,0.010471204,0.009884034,40.22116749,0.04716935,1.076478935,3.278367666,0.065175906,10.9605128,5.304105299,2.466115379,4.041689093,177.1297157,105,0.138963644,128.198855,42,12.42843862,0.004990948,0.021823164,5.039878651,2.8,0.931643588,5.020306307,0.701668542,0.223124725,0.023584675,0.53041053,11.93913001,0.260312179,0.062440671,102.7548075,1.712580124,14.48353477,0.750599403,0.010373342,0.052,3.180505945,0.017223663,13.79850272,7.887654744,0.009658952,14.97,0.015168567,0.099955962,5.67,1.732152469,0.314136126,0.380682096,0.95,0.022640309,0.732005676,6.08,40,87.09693204,2.984782502,0.042178402,26.22694133,25.24832412,0.022801781,0.040514753,29.95,2.926065469,6.77203112,5.02,0.006644811,0.021823164,0.584234477,4.756079659,8.161667564,0.075940696,3.718745413,0.04775652,0.299456867,,,,,,,,,,,,,
HCT116Res_DMSO_Cntrl_24,HCT116Res_Cntrl,190.3814733,0.200326774,0.10059,1.761739007,141,45,5.938765362,0.616608652,0.720551254,41.4861121,74,1.04,3.196703843,22.44796477,2.73,63,27,85,5,0.00977481,2.31583434,1.662285998,0.366555374,16.33870853,0.599559565,0.018043617,0.014349648,85.10336009,0.068054273,1.231796548,3.836044612,0.065212758,14.34964836,6.52127584,2.841514527,4.347517227,245.7910066,142,0.211692832,208.8513178,49,12.75840023,0.007174824,0.015912481,6.208709242,4,1.328408041,6.677559139,1.138026568,0.538467003,0.035661007,0.518576401,16.05455708,0.372238403,0.076233572,111.2452937,2.244796477,17.90154152,0.811252398,0.015060027,0.066,4.375932372,0.0292676,21.16928323,10.59884919,0.014022874,19.18,0.022021738,0.127190453,7.83,2.841514527,0.456063082,0.565461391,1.1,0.014288556,1.216168218,8.16,39.5,116.6441713,4.049158201,0.057540669,41.91233928,35.51893159,0.099026781,0.040917809,40.35,3.637138595,8.08410883,6.68,0.010811963,0.043759324,0.757263622,6.549690985,14.34964836,0.082403921,4.873197414,0.021027208,0.743056049,,,,,,,,,,,,,
